id,asset_path,category,source_en,source_status,voice_scope,voice_direction,pt_br,status,actor,license,notes
axe_ability_battlehunger_01,sounds/vo/axe/axe_ability_battlehunger_01.vsnd_c,ability_battlehunger,Show your worth!,official_caption,spoken,guerreiro brutal; agressivo; projeção forte; ritmo rápido,Mostre o seu valor!,placeholder,,,Rascunho-guia baseado na legenda oficial EN; requer revisão comunitária.
axe_ability_battlehunger_02,sounds/vo/axe/axe_ability_battlehunger_02.vsnd_c,ability_battlehunger,Prove yourself!,official_caption,spoken,guerreiro brutal; agressivo; projeção forte; ritmo rápido,Prove do que é capaz!,placeholder,,,Rascunho-guia baseado na legenda oficial EN; requer revisão comunitária.
axe_ability_battlehunger_03,sounds/vo/axe/axe_ability_battlehunger_03.vsnd_c,ability_battlehunger,Fight if you can!,official_caption,spoken,guerreiro brutal; agressivo; projeção forte; ritmo rápido,"Lute, se conseguir!",placeholder,,,Rascunho-guia baseado na legenda oficial EN; requer revisão comunitária.
axe_ability_berserk_01,sounds/vo/axe/axe_ability_berserk_01.vsnd_c,ability_berserk,Get some!,official_caption,spoken,guerreiro brutal; agressivo; projeção forte; ritmo rápido,Venham!,placeholder,,,Rascunho-guia baseado na legenda oficial EN; requer revisão comunitária.
axe_ability_berserk_02,sounds/vo/axe/axe_ability_berserk_02.vsnd_c,ability_berserk,Come and get it!,official_caption,spoken,guerreiro brutal; agressivo; projeção forte; ritmo rápido,Venham pegar!,placeholder,,,Rascunho-guia baseado na legenda oficial EN; requer revisão comunitária.
axe_ability_berserk_03,sounds/vo/axe/axe_ability_berserk_03.vsnd_c,ability_berserk,Come to Axe!,official_caption,spoken,guerreiro brutal; agressivo; projeção forte; ritmo rápido,Venham até Axe!,placeholder,,,Rascunho-guia baseado na legenda oficial EN; requer revisão comunitária.
axe_ability_berserk_04,sounds/vo/axe/axe_ability_berserk_04.vsnd_c,ability_berserk,To me!,official_caption,spoken,guerreiro brutal; agressivo; projeção forte; ritmo rápido,Até mim!,placeholder,,,Rascunho-guia baseado na legenda oficial EN; requer revisão comunitária.
axe_ability_berserk_05,sounds/vo/axe/axe_ability_berserk_05.vsnd_c,ability_berserk,Yar!,official_caption,excluded_nonverbal,,,placeholder,,,Rascunho-guia baseado na legenda oficial EN; requer revisão comunitária.
axe_ability_berserk_06,sounds/vo/axe/axe_ability_berserk_06.vsnd_c,ability_berserk,Har!,official_caption,excluded_nonverbal,,,placeholder,,,Rascunho-guia baseado na legenda oficial EN; requer revisão comunitária.
axe_ability_berserk_07,sounds/vo/axe/axe_ability_berserk_07.vsnd_c,ability_berserk,Rah!,official_caption,excluded_nonverbal,,,placeholder,,,Rascunho-guia baseado na legenda oficial EN; requer revisão comunitária.
axe_ability_berserk_08,sounds/vo/axe/axe_ability_berserk_08.vsnd_c,ability_berserk,Rah!,official_caption,excluded_nonverbal,,,placeholder,,,Rascunho-guia baseado na legenda oficial EN; requer revisão comunitária.
axe_ability_berserk_09,sounds/vo/axe/axe_ability_berserk_09.vsnd_c,ability_berserk,Ha!,official_caption,excluded_nonverbal,,,placeholder,,,Rascunho-guia baseado na legenda oficial EN; requer revisão comunitária.
axe_ability_cullingblade_01,sounds/vo/axe/axe_ability_cullingblade_01.vsnd_c,ability_cullingblade,Culled!,official_caption,spoken,guerreiro brutal; agressivo; projeção forte; ritmo rápido,Abatido!,placeholder,,,Rascunho-guia baseado na legenda oficial EN; requer revisão comunitária.
axe_ability_cullingblade_02,sounds/vo/axe/axe_ability_cullingblade_02.vsnd_c,ability_cullingblade,Wheat before a scythe!,official_caption,spoken,guerreiro brutal; agressivo; projeção forte; ritmo rápido,Trigo diante da foice!,placeholder,,,Rascunho-guia baseado na legenda oficial EN; requer revisão comunitária.
axe_ability_failure_01,sounds/vo/axe/axe_ability_failure_01.vsnd_c,ability_failure,Axe misjudged?,official_caption,spoken,guerreiro brutal; agressivo; projeção forte; ritmo rápido,Axe calculou mal?,placeholder,,,Rascunho-guia baseado na legenda oficial EN; requer revisão comunitária.
axe_ability_failure_02,sounds/vo/axe/axe_ability_failure_02.vsnd_c,ability_failure,Axe misjudged?,official_caption,spoken,guerreiro brutal; agressivo; projeção forte; ritmo rápido,Axe calculou mal?,placeholder,,,Rascunho-guia baseado na legenda oficial EN; requer revisão comunitária.
axe_ability_failure_03,sounds/vo/axe/axe_ability_failure_03.vsnd_c,ability_failure,You're tougher than Axe thought!,official_caption,spoken,guerreiro brutal; agressivo; projeção forte; ritmo rápido,Você é mais resistente do que Axe pensava!,placeholder,,,Rascunho-guia baseado na legenda oficial EN; requer revisão comunitária.
axe_ally_01,sounds/vo/axe/axe_ally_01.vsnd_c,ally,Axe has a cousin?,official_caption,spoken,provocador; arrogante; humor seco; ritmo conversado,Axe tem um primo?,placeholder,,,Rascunho-guia baseado na legenda oficial EN; requer revisão comunitária.
axe_ally_02,sounds/vo/axe/axe_ally_02.vsnd_c,ally,"You look like Axe, only slightly less.",official_caption,spoken,provocador; arrogante; humor seco; ritmo conversado,"Você se parece com Axe, só que um pouco menos.",placeholder,,,Rascunho-guia baseado na legenda oficial EN; requer revisão comunitária.
axe_ally_03,sounds/vo/axe/axe_ally_03.vsnd_c,ally,Oglodi fight side by side.,official_caption,spoken,provocador; arrogante; humor seco; ritmo conversado,Os Oglodi lutam lado a lado.,placeholder,,,Rascunho-guia baseado na legenda oficial EN; requer revisão comunitária.
axe_ally_04,sounds/vo/axe/axe_ally_04.vsnd_c,ally,"That is a fearsome creature you ride, Disruptor.",official_caption,spoken,provocador; arrogante; humor seco; ritmo conversado,"Essa criatura que você monta é assustadora, Disruptor.",placeholder,,,Rascunho-guia baseado na legenda oficial EN; requer revisão comunitária.
axe_ally_05,sounds/vo/axe/axe_ally_05.vsnd_c,ally,"Side by side, the Oglodi fight.",official_caption,spoken,provocador; arrogante; humor seco; ritmo conversado,"Lado a lado, os Oglodi lutam.",placeholder,,,Rascunho-guia baseado na legenda oficial EN; requer revisão comunitária.
axe_ally_06,sounds/vo/axe/axe_ally_06.vsnd_c,ally,The Oglodi shall take this fight.,official_caption,spoken,provocador; arrogante; humor seco; ritmo conversado,Os Oglodi vencerão esta batalha.,placeholder,,,Rascunho-guia baseado na legenda oficial EN; requer revisão comunitária.
axe_ally_07,sounds/vo/axe/axe_ally_07.vsnd_c,ally,Warlock brings a book. Axe brings an axe.,official_caption,spoken,provocador; arrogante; humor seco; ritmo conversado,Warlock traz um livro. Axe traz um machado.,placeholder,,,Rascunho-guia baseado na legenda oficial EN; requer revisão comunitária.
axe_ally_08,sounds/vo/axe/axe_ally_08.vsnd_c,ally,Nice choppers! Axe approves!,official_caption,spoken,provocador; arrogante; humor seco; ritmo conversado,Belos machados! Axe aprova!,placeholder,,,Rascunho-guia baseado na legenda oficial EN; requer revisão comunitária.
axe_ally_09,sounds/vo/axe/axe_ally_09.vsnd_c,ally,Axe is curious. Where did your face go?,official_caption,spoken,provocador; arrogante; humor seco; ritmo conversado,Axe está curioso. Aonde foi parar o seu rosto?,placeholder,,,Rascunho-guia baseado na legenda oficial EN; requer revisão comunitária.
axe_ally_10,sounds/vo/axe/axe_ally_10.vsnd_c,ally,"Undying, don't order Axe around and we'll get along just fine.",official_caption,spoken,provocador; arrogante; humor seco; ritmo conversado,"Undying, não dê ordens a Axe e nos daremos muito bem.",placeholder,,,Rascunho-guia baseado na legenda oficial EN; requer revisão comunitária.
axe_ally_11,sounds/vo/axe/axe_ally_11.vsnd_c,ally,"Don't worry, Treant, Axe does not come to chop you.",official_caption,spoken,provocador; arrogante; humor seco; ritmo conversado,"Não se preocupe, Treant. Axe não veio cortar você.",placeholder,,,Rascunho-guia baseado na legenda oficial EN; requer revisão comunitária.
axe_ally_12,sounds/vo/axe/axe_ally_12.vsnd_c,ally,"Witch doctor, our enemies are in need of Axe-amination!",official_caption,spoken,provocador; arrogante; humor seco; ritmo conversado,"Witch Doctor, nossos inimigos precisam de um Axe-ame!",placeholder,,,Rascunho-guia baseado na legenda oficial EN; requer revisão comunitária.
axe_ally_13,sounds/vo/axe/axe_ally_13.vsnd_c,ally,"Tinker, eh? War is an Axe-act science!",official_caption,spoken,provocador; arrogante; humor seco; ritmo conversado,"Tinker, é? A guerra é uma ciência Axe-ata!",placeholder,,,Rascunho-guia baseado na legenda oficial EN; requer revisão comunitária.
axe_anger_01,sounds/vo/axe/axe_anger_01.vsnd_c,anger,Grrrr!,official_caption,excluded_nonverbal,,,placeholder,,,
axe_anger_02,sounds/vo/axe/axe_anger_02.vsnd_c,anger,Rraaaa!,official_caption,excluded_nonverbal,,,placeholder,,,
axe_anger_03,sounds/vo/axe/axe_anger_03.vsnd_c,anger,Aaahh!,official_caption,excluded_nonverbal,,,placeholder,,,
axe_attack_01,sounds/vo/axe/axe_attack_01.vsnd_c,attack,Attack!,official_caption,spoken,guerreiro brutal; agressivo; projeção forte; ritmo rápido,Ataquem!,placeholder,,,Rascunho-guia baseado na legenda oficial EN; requer revisão comunitária.
axe_attack_02,sounds/vo/axe/axe_attack_02.vsnd_c,attack,Taste my blade!,official_caption,spoken,guerreiro brutal; agressivo; projeção forte; ritmo rápido,Prove a minha lâmina!,placeholder,,,Rascunho-guia baseado na legenda oficial EN; requer revisão comunitária.
axe_attack_03,sounds/vo/axe/axe_attack_03.vsnd_c,attack,A slice of the action!,official_caption,spoken,guerreiro brutal; agressivo; projeção forte; ritmo rápido,Uma fatia da ação!,placeholder,,,Rascunho-guia baseado na legenda oficial EN; requer revisão comunitária.
axe_attack_04,sounds/vo/axe/axe_attack_04.vsnd_c,attack,Here comes the axe!,official_caption,spoken,guerreiro brutal; agressivo; projeção forte; ritmo rápido,Lá vem o machado!,placeholder,,,Rascunho-guia baseado na legenda oficial EN; requer revisão comunitária.
axe_attack_05,sounds/vo/axe/axe_attack_05.vsnd_c,attack,Axe brings the axe!,official_caption,spoken,guerreiro brutal; agressivo; projeção forte; ritmo rápido,Axe traz o machado!,placeholder,,,Rascunho-guia baseado na legenda oficial EN; requer revisão comunitária.
axe_attack_06,sounds/vo/axe/axe_attack_06.vsnd_c,attack,Axe trades in death!,official_caption,spoken,guerreiro brutal; agressivo; projeção forte; ritmo rápido,Axe negocia com a morte!,placeholder,,,Rascunho-guia baseado na legenda oficial EN; requer revisão comunitária.
axe_attack_07,sounds/vo/axe/axe_attack_07.vsnd_c,attack,Wet my blade!,official_caption,spoken,guerreiro brutal; agressivo; projeção forte; ritmo rápido,Molhe a minha lâmina!,placeholder,,,Rascunho-guia baseado na legenda oficial EN; requer revisão comunitária.
axe_attack_08,sounds/vo/axe/axe_attack_08.vsnd_c,attack,Here you break.,official_caption,spoken,guerreiro brutal; agressivo; projeção forte; ritmo rápido,Aqui você se quebra.,placeholder,,,Rascunho-guia baseado na legenda oficial EN; requer revisão comunitária.
axe_attack_09,sounds/vo/axe/axe_attack_09.vsnd_c,attack,Axe hacks!,official_caption,spoken,guerreiro brutal; agressivo; projeção forte; ritmo rápido,Axe retalha!,placeholder,,,Rascunho-guia baseado na legenda oficial EN; requer revisão comunitária.
axe_attack_10,sounds/vo/axe/axe_attack_10.vsnd_c,attack,Axe attacks!,official_caption,spoken,guerreiro brutal; agressivo; projeção forte; ritmo rápido,Axe ataca!,placeholder,,,Rascunho-guia baseado na legenda oficial EN; requer revisão comunitária.
axe_battlebegins_01,sounds/vo/axe/axe_battlebegins_01.vsnd_c,battlebegins,There can be no battle till Axe is at hand. And Axe is.,official_caption,spoken,guerreiro brutal; agressivo; projeção forte; ritmo rápido,Não há batalha até Axe chegar. E Axe chegou.,placeholder,,,Rascunho-guia baseado na legenda oficial EN; requer revisão comunitária.
axe_blink_01,sounds/vo/axe/axe_blink_01.vsnd_c,blink,Blink dagger!,official_caption,spoken,voz grave; confiante; personagem guerreiro; dicção clara,Adaga de Translocação!,placeholder,,,Rascunho-guia baseado na legenda oficial EN; requer revisão comunitária.
axe_blink_02,sounds/vo/axe/axe_blink_02.vsnd_c,blink,"Don't worry, precious Axe. Blink Dagger does not come to chop.",official_caption,spoken,voz grave; confiante; personagem guerreiro; dicção clara,"Não se preocupe, precioso Axe. A Adaga de Translocação não veio cortar.",placeholder,,,Rascunho-guia baseado na legenda oficial EN; requer revisão comunitária.
axe_blinkcull_01,sounds/vo/axe/axe_blinkcull_01.vsnd_c,blinkcull,Not so fast!,official_caption,spoken,guerreiro brutal; agressivo; projeção forte; ritmo rápido,Não tão rápido!,placeholder,,,Rascunho-guia baseado na legenda oficial EN; requer revisão comunitária.
axe_blinkcull_02,sounds/vo/axe/axe_blinkcull_02.vsnd_c,blinkcull,You been blinked!,official_caption,spoken,guerreiro brutal; agressivo; projeção forte; ritmo rápido,Você foi translocado!,placeholder,,,Rascunho-guia baseado na legenda oficial EN; requer revisão comunitária.
axe_blinkcull_03,sounds/vo/axe/axe_blinkcull_03.vsnd_c,blinkcull,No escaping Axe!,official_caption,spoken,guerreiro brutal; agressivo; projeção forte; ritmo rápido,Ninguém escapa de Axe!,placeholder,,,Rascunho-guia baseado na legenda oficial EN; requer revisão comunitária.
axe_bottle_01,sounds/vo/axe/axe_bottle_01.vsnd_c,bottle,Saved for later.,official_caption,spoken,voz grave; confiante; personagem guerreiro; dicção clara,Guardado para depois.,placeholder,,,Rascunho-guia baseado na legenda oficial EN; requer revisão comunitária.
axe_bottle_02,sounds/vo/axe/axe_bottle_02.vsnd_c,bottle,For another time.,official_caption,spoken,voz grave; confiante; personagem guerreiro; dicção clara,Para outra hora.,placeholder,,,Rascunho-guia baseado na legenda oficial EN; requer revisão comunitária.
axe_bottle_03,sounds/vo/axe/axe_bottle_03.vsnd_c,bottle,When the time is right.,official_caption,spoken,voz grave; confiante; personagem guerreiro; dicção clara,Quando chegar o momento certo.,placeholder,,,Rascunho-guia baseado na legenda oficial EN; requer revisão comunitária.
axe_bottle_04,sounds/vo/axe/axe_bottle_04.vsnd_c,bottle,"Axe does not need this, but no one else shall have it.",official_caption,spoken,voz grave; confiante; personagem guerreiro; dicção clara,"Axe não precisa disto, mas ninguém mais ficará com isso.",placeholder,,,Rascunho-guia baseado na legenda oficial EN; requer revisão comunitária.
axe_cast_01,sounds/vo/axe/axe_cast_01.vsnd_c,cast,Cut to the chase!,official_caption,spoken,guerreiro brutal; agressivo; projeção forte; ritmo rápido,Vamos direto ao corte!,placeholder,,,Rascunho-guia baseado na legenda oficial EN; requer revisão comunitária.
axe_cast_02,sounds/vo/axe/axe_cast_02.vsnd_c,cast,Not by blade alone!,official_caption,spoken,guerreiro brutal; agressivo; projeção forte; ritmo rápido,Nem só de lâmina vive Axe!,placeholder,,,Rascunho-guia baseado na legenda oficial EN; requer revisão comunitária.
axe_crumwiz_01,sounds/vo/axe/axe_crumwiz_01.vsnd_c,crumwiz,Crummy wizard!,official_caption,spoken,voz grave; confiante; personagem guerreiro; dicção clara,Mago imprestável!,placeholder,,,Rascunho-guia baseado na legenda oficial EN; requer revisão comunitária.
axe_death_01,sounds/vo/axe/axe_death_01.vsnd_c,death,No!,official_caption,spoken,derrotado; pesado; intensidade decrescente,Não!,placeholder,,,Rascunho-guia baseado na legenda oficial EN; requer revisão comunitária.
axe_death_02,sounds/vo/axe/axe_death_02.vsnd_c,death,Axe dies...,official_caption,spoken,derrotado; pesado; intensidade decrescente,Axe morre...,placeholder,,,Rascunho-guia baseado na legenda oficial EN; requer revisão comunitária.
axe_death_03,sounds/vo/axe/axe_death_03.vsnd_c,death,Here a hero dies...,official_caption,spoken,derrotado; pesado; intensidade decrescente,Aqui morre um herói...,placeholder,,,Rascunho-guia baseado na legenda oficial EN; requer revisão comunitária.
axe_death_04,sounds/vo/axe/axe_death_04.vsnd_c,death,A soldier's death...,official_caption,spoken,derrotado; pesado; intensidade decrescente,A morte de um soldado...,placeholder,,,Rascunho-guia baseado na legenda oficial EN; requer revisão comunitária.
axe_death_05,sounds/vo/axe/axe_death_05.vsnd_c,death,Axe falls in battle...,official_caption,spoken,derrotado; pesado; intensidade decrescente,Axe cai em batalha...,placeholder,,,Rascunho-guia baseado na legenda oficial EN; requer revisão comunitária.
axe_death_06,sounds/vo/axe/axe_death_06.vsnd_c,death,Axe is blunted...,official_caption,spoken,derrotado; pesado; intensidade decrescente,Axe perdeu o fio...,placeholder,,,Rascunho-guia baseado na legenda oficial EN; requer revisão comunitária.
axe_death_07,sounds/vo/axe/axe_death_07.vsnd_c,death,Axe cuts no more...,official_caption,spoken,derrotado; pesado; intensidade decrescente,Axe não corta mais...,placeholder,,,Rascunho-guia baseado na legenda oficial EN; requer revisão comunitária.
axe_death_08,sounds/vo/axe/axe_death_08.vsnd_c,death,The cruelest cut...,official_caption,spoken,derrotado; pesado; intensidade decrescente,O corte mais cruel...,placeholder,,,Rascunho-guia baseado na legenda oficial EN; requer revisão comunitária.
axe_death_09,sounds/vo/axe/axe_death_09.vsnd_c,death,You and what army?,official_caption,spoken,derrotado; pesado; intensidade decrescente,Você e qual exército?,placeholder,,,Rascunho-guia baseado na legenda oficial EN; requer revisão comunitária.
axe_death_10,sounds/vo/axe/axe_death_10.vsnd_c,death,Death cuts both ways.,official_caption,spoken,derrotado; pesado; intensidade decrescente,A morte corta dos dois lados.,placeholder,,,Rascunho-guia baseado na legenda oficial EN; requer revisão comunitária.
axe_deny_01,sounds/vo/axe/axe_deny_01.vsnd_c,deny,Denied.,official_caption,spoken,provocador; arrogante; humor seco; ritmo conversado,Negado.,placeholder,,,Rascunho-guia baseado na legenda oficial EN; requer revisão comunitária.
axe_deny_02,sounds/vo/axe/axe_deny_02.vsnd_c,deny,Denied!,official_caption,spoken,provocador; arrogante; humor seco; ritmo conversado,Negado!,placeholder,,,Rascunho-guia baseado na legenda oficial EN; requer revisão comunitária.
axe_deny_03,sounds/vo/axe/axe_deny_03.vsnd_c,deny,Denied.,official_caption,spoken,provocador; arrogante; humor seco; ritmo conversado,Negado.,placeholder,,,Rascunho-guia baseado na legenda oficial EN; requer revisão comunitária.
axe_deny_04,sounds/vo/axe/axe_deny_04.vsnd_c,deny,You get nothing.,official_caption,spoken,provocador; arrogante; humor seco; ritmo conversado,Você não ganha nada.,placeholder,,,Rascunho-guia baseado na legenda oficial EN; requer revisão comunitária.
axe_deny_05,sounds/vo/axe/axe_deny_05.vsnd_c,deny,You get nothing!,official_caption,spoken,provocador; arrogante; humor seco; ritmo conversado,Você não ganha nada!,placeholder,,,Rascunho-guia baseado na legenda oficial EN; requer revisão comunitária.
axe_deny_06,sounds/vo/axe/axe_deny_06.vsnd_c,deny,Axe defies you!,official_caption,spoken,provocador; arrogante; humor seco; ritmo conversado,Axe desafia você!,placeholder,,,Rascunho-guia baseado na legenda oficial EN; requer revisão comunitária.
axe_deny_07,sounds/vo/axe/axe_deny_07.vsnd_c,deny,None for you!,official_caption,spoken,provocador; arrogante; humor seco; ritmo conversado,Nada para você!,placeholder,,,Rascunho-guia baseado na legenda oficial EN; requer revisão comunitária.
axe_deny_08,sounds/vo/axe/axe_deny_08.vsnd_c,deny,You deserve nothing!,official_caption,spoken,provocador; arrogante; humor seco; ritmo conversado,Você não merece nada!,placeholder,,,Rascunho-guia baseado na legenda oficial EN; requer revisão comunitária.
axe_deny_09,sounds/vo/axe/axe_deny_09.vsnd_c,deny,Nuh-uh!,official_caption,spoken,provocador; arrogante; humor seco; ritmo conversado,Nem pensar!,placeholder,,,Rascunho-guia baseado na legenda oficial EN; requer revisão comunitária.
axe_deny_10,sounds/vo/axe/axe_deny_10.vsnd_c,deny,Uh uh!,official_caption,spoken,provocador; arrogante; humor seco; ritmo conversado,De jeito nenhum!,placeholder,,,Rascunho-guia baseado na legenda oficial EN; requer revisão comunitária.
axe_deny_11,sounds/vo/axe/axe_deny_11.vsnd_c,deny,No!,official_caption,spoken,provocador; arrogante; humor seco; ritmo conversado,Não!,placeholder,,,Rascunho-guia baseado na legenda oficial EN; requer revisão comunitária.
axe_deny_12,sounds/vo/axe/axe_deny_12.vsnd_c,deny,Not this time.,official_caption,spoken,provocador; arrogante; humor seco; ritmo conversado,"Desta vez, não.",placeholder,,,Rascunho-guia baseado na legenda oficial EN; requer revisão comunitária.
axe_deny_13,sounds/vo/axe/axe_deny_13.vsnd_c,deny,Mwa ha ha ha ha!,official_caption,excluded_nonverbal,,,placeholder,,,
axe_deny_14,sounds/vo/axe/axe_deny_14.vsnd_c,deny,Ha ha!,official_caption,excluded_nonverbal,,,placeholder,,,
axe_deny_15,sounds/vo/axe/axe_deny_15.vsnd_c,deny,"You get nothing. Good day, sir!",official_caption,spoken,provocador; arrogante; humor seco; ritmo conversado,"Você não ganha nada. Tenha um bom dia, senhor!",placeholder,,,Rascunho-guia baseado na legenda oficial EN; requer revisão comunitária.
axe_deny_16,sounds/vo/axe/axe_deny_16.vsnd_c,deny,"I said good day, sir!",official_caption,spoken,provocador; arrogante; humor seco; ritmo conversado,"Eu disse: tenha um bom dia, senhor!",placeholder,,,Rascunho-guia baseado na legenda oficial EN; requer revisão comunitária.
axe_doubdam_01,sounds/vo/axe/axe_doubdam_01.vsnd_c,doubdam,Double damage!,official_caption,spoken,voz grave; confiante; personagem guerreiro; dicção clara,Dano dobrado!,placeholder,,,Rascunho-guia baseado na legenda oficial EN; requer revisão comunitária.
axe_doubdam_02,sounds/vo/axe/axe_doubdam_02.vsnd_c,doubdam,Cuts two ways!,official_caption,spoken,voz grave; confiante; personagem guerreiro; dicção clara,Corta dos dois lados!,placeholder,,,Rascunho-guia baseado na legenda oficial EN; requer revisão comunitária.
axe_drop_common_01,sounds/vo/axe/axe_drop_common_01.vsnd_c,drop_common,"Oh, Axe like!",official_caption,spoken,voz grave; confiante; personagem guerreiro; dicção clara,"Ah, Axe gostou!",placeholder,,,Rascunho-guia baseado na legenda oficial EN; requer revisão comunitária.
axe_drop_medium_01,sounds/vo/axe/axe_drop_medium_01.vsnd_c,drop_medium,Axe likes this very much.,official_caption,spoken,voz grave; confiante; personagem guerreiro; dicção clara,Axe gostou muito disto.,placeholder,,,Rascunho-guia baseado na legenda oficial EN; requer revisão comunitária.
axe_drop_rare_01,sounds/vo/axe/axe_drop_rare_01.vsnd_c,drop_rare,Axe likes this so much words fail Axe.,official_caption,spoken,voz grave; confiante; personagem guerreiro; dicção clara,Axe gostou tanto que ficou sem palavras.,placeholder,,,Rascunho-guia baseado na legenda oficial EN; requer revisão comunitária.
axe_fastres_01,sounds/vo/axe/axe_fastres_01.vsnd_c,fastres,Time for a reinAxement!,official_caption,spoken,voz grave; confiante; personagem guerreiro; dicção clara,Hora de receber reforç-Axe!,placeholder,,,Rascunho-guia baseado na legenda oficial EN; requer revisão comunitária.
axe_fastres_02,sounds/vo/axe/axe_fastres_02.vsnd_c,fastres,Axe is back and ready to whack! And also hack!,official_caption,spoken,voz grave; confiante; personagem guerreiro; dicção clara,Axe voltou pronto para bater e cortar!,placeholder,,,Rascunho-guia baseado na legenda oficial EN; requer revisão comunitária.
axe_firstblood_01,sounds/vo/axe/axe_firstblood_01.vsnd_c,firstblood,"Ha ha, the blade of Axe has tasted first blood!",official_caption,spoken,guerreiro brutal; agressivo; projeção forte; ritmo rápido,"Ha ha, a lâmina de Axe provou o primeiro sangue!",placeholder,,,Rascunho-guia baseado na legenda oficial EN; requer revisão comunitária.
axe_firstblood_02,sounds/vo/axe/axe_firstblood_02.vsnd_c,firstblood,Axe will whittle them down one by one.,official_caption,spoken,guerreiro brutal; agressivo; projeção forte; ritmo rápido,Axe vai derrubá-los um por um.,placeholder,,,Rascunho-guia baseado na legenda oficial EN; requer revisão comunitária.
axe_happy_01,sounds/vo/axe/axe_happy_01.vsnd_c,happy,Oooh!,official_caption,excluded_nonverbal,,,placeholder,,,
axe_happy_02,sounds/vo/axe/axe_happy_02.vsnd_c,happy,Oooh!,official_caption,excluded_nonverbal,,,placeholder,,,
axe_happy_03,sounds/vo/axe/axe_happy_03.vsnd_c,happy,Mmmm!,official_caption,excluded_nonverbal,,,placeholder,,,
axe_happy_04,sounds/vo/axe/axe_happy_04.vsnd_c,happy,Ooh!,official_caption,excluded_nonverbal,,,placeholder,,,
axe_happy_05,sounds/vo/axe/axe_happy_05.vsnd_c,happy,Yeah!,official_caption,excluded_nonverbal,,,placeholder,,,
axe_happy_06,sounds/vo/axe/axe_happy_06.vsnd_c,happy,Ahhh!,official_caption,excluded_nonverbal,,,placeholder,,,
axe_happy_07,sounds/vo/axe/axe_happy_07.vsnd_c,happy,Mmm!,official_caption,excluded_nonverbal,,,placeholder,,,
axe_haste_01,sounds/vo/axe/axe_haste_01.vsnd_c,haste,Haste!,official_caption,spoken,voz grave; confiante; personagem guerreiro; dicção clara,Velocidade!,placeholder,,,Rascunho-guia baseado na legenda oficial EN; requer revisão comunitária.
axe_haste_02,sounds/vo/axe/axe_haste_02.vsnd_c,haste,Haste lays waste.,official_caption,spoken,voz grave; confiante; personagem guerreiro; dicção clara,A velocidade traz devastação.,placeholder,,,Rascunho-guia baseado na legenda oficial EN; requer revisão comunitária.
axe_illus_01,sounds/vo/axe/axe_illus_01.vsnd_c,illus,Illusion!,official_caption,spoken,voz grave; confiante; personagem guerreiro; dicção clara,Ilusão!,placeholder,,,Rascunho-guia baseado na legenda oficial EN; requer revisão comunitária.
axe_illus_02,sounds/vo/axe/axe_illus_02.vsnd_c,illus,The axe blades dazzle.,official_caption,spoken,voz grave; confiante; personagem guerreiro; dicção clara,As lâminas de Axe confundem os olhos.,placeholder,,,Rascunho-guia baseado na legenda oficial EN; requer revisão comunitária.
axe_illus_03,sounds/vo/axe/axe_illus_03.vsnd_c,illus,Axe has gone three blades!,official_caption,spoken,voz grave; confiante; personagem guerreiro; dicção clara,Agora Axe tem três lâminas!,placeholder,,,Rascunho-guia baseado na legenda oficial EN; requer revisão comunitária.
axe_immort_01,sounds/vo/axe/axe_immort_01.vsnd_c,immort,Immortality!,official_caption,spoken,voz grave; confiante; personagem guerreiro; dicção clara,Imortalidade!,placeholder,,,Rascunho-guia baseado na legenda oficial EN; requer revisão comunitária.
axe_immort_02,sounds/vo/axe/axe_immort_02.vsnd_c,immort,The Axe's edge will never dull!,official_caption,spoken,voz grave; confiante; personagem guerreiro; dicção clara,O fio de Axe jamais ficará cego!,placeholder,,,Rascunho-guia baseado na legenda oficial EN; requer revisão comunitária.
axe_inthebag_01,sounds/vo/axe/axe_inthebag_01.vsnd_c,inthebag,Axe is calling it: It's in the bag!,official_caption,spoken,voz grave; confiante; personagem guerreiro; dicção clara,Axe já decidiu: esta vitória está garantida!,placeholder,,,Rascunho-guia baseado na legenda oficial EN; requer revisão comunitária.
axe_inthebag_02,sounds/vo/axe/axe_inthebag_02.vsnd_c,inthebag,This was in the bag the day Axe was born!,official_caption,spoken,voz grave; confiante; personagem guerreiro; dicção clara,Esta vitória estava garantida desde o dia em que Axe nasceu!,placeholder,,,Rascunho-guia baseado na legenda oficial EN; requer revisão comunitária.
axe_invis_01,sounds/vo/axe/axe_invis_01.vsnd_c,invis,Invisibility!,official_caption,spoken,voz grave; confiante; personagem guerreiro; dicção clara,Invisibilidade!,placeholder,,,Rascunho-guia baseado na legenda oficial EN; requer revisão comunitária.
axe_invis_02,sounds/vo/axe/axe_invis_02.vsnd_c,invis,Axe fades from sight!,official_caption,spoken,voz grave; confiante; personagem guerreiro; dicção clara,Axe desaparece de vista!,placeholder,,,Rascunho-guia baseado na legenda oficial EN; requer revisão comunitária.
axe_item_01,sounds/vo/axe/axe_item_01.vsnd_c,item,Vanguard!,official_caption,spoken,voz grave; confiante; personagem guerreiro; dicção clara,Vanguarda!,placeholder,,,Rascunho-guia baseado na legenda oficial EN; requer revisão comunitária.
axe_item_02,sounds/vo/axe/axe_item_02.vsnd_c,item,Blademail!,official_caption,spoken,voz grave; confiante; personagem guerreiro; dicção clara,Cota de Lâminas!,placeholder,,,Rascunho-guia baseado na legenda oficial EN; requer revisão comunitária.
axe_item_03,sounds/vo/axe/axe_item_03.vsnd_c,item,Black King Bar!,official_caption,spoken,voz grave; confiante; personagem guerreiro; dicção clara,Barra do Rei Negro!,placeholder,,,Rascunho-guia baseado na legenda oficial EN; requer revisão comunitária.
axe_item_04,sounds/vo/axe/axe_item_04.vsnd_c,item,Heart of Tarrasque!,official_caption,spoken,voz grave; confiante; personagem guerreiro; dicção clara,Coração de Tarrasque!,placeholder,,,Rascunho-guia baseado na legenda oficial EN; requer revisão comunitária.
axe_item_05,sounds/vo/axe/axe_item_05.vsnd_c,item,Urn of Shadows!,official_caption,spoken,voz grave; confiante; personagem guerreiro; dicção clara,Urna das Sombras!,placeholder,,,Rascunho-guia baseado na legenda oficial EN; requer revisão comunitária.
axe_item_06,sounds/vo/axe/axe_item_06.vsnd_c,item,Assault Cuirass!,official_caption,spoken,voz grave; confiante; personagem guerreiro; dicção clara,Couraça de Combate!,placeholder,,,Rascunho-guia baseado na legenda oficial EN; requer revisão comunitária.
axe_item_07,sounds/vo/axe/axe_item_07.vsnd_c,item,Hood of Defiance!,official_caption,spoken,voz grave; confiante; personagem guerreiro; dicção clara,Capuz da Audácia!,placeholder,,,Rascunho-guia baseado na legenda oficial EN; requer revisão comunitária.
axe_item_08,sounds/vo/axe/axe_item_08.vsnd_c,item,Radiance!,official_caption,spoken,voz grave; confiante; personagem guerreiro; dicção clara,Resplendor!,placeholder,,,Rascunho-guia baseado na legenda oficial EN; requer revisão comunitária.
axe_item_09,sounds/vo/axe/axe_item_09.vsnd_c,item,Shiva's Guard!,official_caption,spoken,voz grave; confiante; personagem guerreiro; dicção clara,Proteção de Shiva!,placeholder,,,Rascunho-guia baseado na legenda oficial EN; requer revisão comunitária.
axe_kill_01,sounds/vo/axe/axe_kill_01.vsnd_c,kill,"Yes, Axe kills you!",official_caption,spoken,guerreiro brutal; agressivo; projeção forte; ritmo rápido,"Sim, Axe mata você!",placeholder,,,Rascunho-guia baseado na legenda oficial EN; requer revisão comunitária.
axe_kill_02,sounds/vo/axe/axe_kill_02.vsnd_c,kill,Cut you like cordwood!,official_caption,spoken,guerreiro brutal; agressivo; projeção forte; ritmo rápido,Cortei você como lenha!,placeholder,,,Rascunho-guia baseado na legenda oficial EN; requer revisão comunitária.
axe_kill_03,sounds/vo/axe/axe_kill_03.vsnd_c,kill,Your life on my steel!,official_caption,spoken,guerreiro brutal; agressivo; projeção forte; ritmo rápido,Sua vida na lâmina de Axe!,placeholder,,,Rascunho-guia baseado na legenda oficial EN; requer revisão comunitária.
axe_kill_04,sounds/vo/axe/axe_kill_04.vsnd_c,kill,Axe chops you down to size!,official_caption,spoken,guerreiro brutal; agressivo; projeção forte; ritmo rápido,Axe corta você até o tamanho certo!,placeholder,,,Rascunho-guia baseado na legenda oficial EN; requer revisão comunitária.
axe_kill_05,sounds/vo/axe/axe_kill_05.vsnd_c,kill,This ends you!,official_caption,spoken,guerreiro brutal; agressivo; projeção forte; ritmo rápido,Este é o seu fim!,placeholder,,,Rascunho-guia baseado na legenda oficial EN; requer revisão comunitária.
axe_kill_06,sounds/vo/axe/axe_kill_06.vsnd_c,kill,You fought badly--died worse.,official_caption,spoken,guerreiro brutal; agressivo; projeção forte; ritmo rápido,Você lutou mal e morreu ainda pior.,placeholder,,,Rascunho-guia baseado na legenda oficial EN; requer revisão comunitária.
axe_kill_07,sounds/vo/axe/axe_kill_07.vsnd_c,kill,All must die--you first!,official_caption,spoken,guerreiro brutal; agressivo; projeção forte; ritmo rápido,Todos precisam morrer. Você primeiro!,placeholder,,,Rascunho-guia baseado na legenda oficial EN; requer revisão comunitária.
axe_kill_08,sounds/vo/axe/axe_kill_08.vsnd_c,kill,Axe warms his blade in your guts!,official_caption,spoken,guerreiro brutal; agressivo; projeção forte; ritmo rápido,Axe aquece a lâmina nas suas entranhas!,placeholder,,,Rascunho-guia baseado na legenda oficial EN; requer revisão comunitária.
axe_kill_09,sounds/vo/axe/axe_kill_09.vsnd_c,kill,Feel the axe of Axe!,official_caption,spoken,guerreiro brutal; agressivo; projeção forte; ritmo rápido,Sinta o machado de Axe!,placeholder,,,Rascunho-guia baseado na legenda oficial EN; requer revisão comunitária.
axe_kill_10,sounds/vo/axe/axe_kill_10.vsnd_c,kill,Axe hews your bones!,official_caption,spoken,guerreiro brutal; agressivo; projeção forte; ritmo rápido,Axe talha os seus ossos!,placeholder,,,Rascunho-guia baseado na legenda oficial EN; requer revisão comunitária.
axe_kill_11,sounds/vo/axe/axe_kill_11.vsnd_c,kill,Axe fells you!,official_caption,spoken,guerreiro brutal; agressivo; projeção forte; ritmo rápido,Axe derruba você!,placeholder,,,Rascunho-guia baseado na legenda oficial EN; requer revisão comunitária.
axe_kill_12,sounds/vo/axe/axe_kill_12.vsnd_c,kill,Twenty hacks from the axe of Axe!,official_caption,spoken,guerreiro brutal; agressivo; projeção forte; ritmo rápido,Vinte golpes do machado de Axe!,placeholder,,,Rascunho-guia baseado na legenda oficial EN; requer revisão comunitária.
axe_kill_13,sounds/vo/axe/axe_kill_13.vsnd_c,kill,Hew and cry some more!,official_caption,spoken,guerreiro brutal; agressivo; projeção forte; ritmo rápido,Continue chorando enquanto Axe corta!,placeholder,,,Rascunho-guia baseado na legenda oficial EN; requer revisão comunitária.
axe_kill_14,sounds/vo/axe/axe_kill_14.vsnd_c,kill,Sheathe my axe in your bowels!,official_caption,spoken,guerreiro brutal; agressivo; projeção forte; ritmo rápido,Axe embainha o machado nas suas entranhas!,placeholder,,,Rascunho-guia baseado na legenda oficial EN; requer revisão comunitária.
axe_kill_15,sounds/vo/axe/axe_kill_15.vsnd_c,kill,Ha ha ha ha!,official_caption,excluded_nonverbal,,,placeholder,,,
axe_kill_16,sounds/vo/axe/axe_kill_16.vsnd_c,kill,Ho ho ha ha!,official_caption,excluded_nonverbal,,,placeholder,,,
axe_kill_17,sounds/vo/axe/axe_kill_17.vsnd_c,kill,Ha ha ha ha ha!,official_caption,excluded_nonverbal,,,placeholder,,,
axe_kill_18,sounds/vo/axe/axe_kill_18.vsnd_c,kill,Ha ha yeah!,official_caption,excluded_nonverbal,,,placeholder,,,
axe_kill_19,sounds/vo/axe/axe_kill_19.vsnd_c,kill,Ha ha ha ha yes!,official_caption,excluded_nonverbal,,,placeholder,,,
axe_kill_20,sounds/vo/axe/axe_kill_20.vsnd_c,kill,Ha ha ha ha yeah!,official_caption,excluded_nonverbal,,,placeholder,,,
axe_killspecial_01,sounds/vo/axe/axe_killspecial_01.vsnd_c,killspecial,Cold cut!,official_caption,spoken,guerreiro brutal; agressivo; projeção forte; ritmo rápido,Corte frio!,placeholder,,,Rascunho-guia baseado na legenda oficial EN; requer revisão comunitária.
axe_killspecial_02,sounds/vo/axe/axe_killspecial_02.vsnd_c,killspecial,Cut and dried!,official_caption,spoken,guerreiro brutal; agressivo; projeção forte; ritmo rápido,Cortado e encerrado!,placeholder,,,Rascunho-guia baseado na legenda oficial EN; requer revisão comunitária.
axe_killspecial_03,sounds/vo/axe/axe_killspecial_03.vsnd_c,killspecial,Catch some Z's!,official_caption,spoken,guerreiro brutal; agressivo; projeção forte; ritmo rápido,Vá tirar uma soneca!,placeholder,,,Rascunho-guia baseado na legenda oficial EN; requer revisão comunitária.
axe_killspecial_04,sounds/vo/axe/axe_killspecial_04.vsnd_c,killspecial,You call that an axe?,official_caption,spoken,guerreiro brutal; agressivo; projeção forte; ritmo rápido,Você chama isso de machado?,placeholder,,,Rascunho-guia baseado na legenda oficial EN; requer revisão comunitária.
axe_lasthit_01,sounds/vo/axe/axe_lasthit_01.vsnd_c,lasthit,Yes!,official_caption,spoken,voz grave; confiante; personagem guerreiro; dicção clara,Sim!,placeholder,,,Rascunho-guia baseado na legenda oficial EN; requer revisão comunitária.
axe_lasthit_02,sounds/vo/axe/axe_lasthit_02.vsnd_c,lasthit,Axe takes all!,official_caption,spoken,voz grave; confiante; personagem guerreiro; dicção clara,Axe fica com tudo!,placeholder,,,Rascunho-guia baseado na legenda oficial EN; requer revisão comunitária.
axe_lasthit_03,sounds/vo/axe/axe_lasthit_03.vsnd_c,lasthit,Axe kills you!,official_caption,spoken,voz grave; confiante; personagem guerreiro; dicção clara,Axe mata você!,placeholder,,,Rascunho-guia baseado na legenda oficial EN; requer revisão comunitária.
axe_lasthit_04,sounds/vo/axe/axe_lasthit_04.vsnd_c,lasthit,Soldier of fortune!,official_caption,spoken,voz grave; confiante; personagem guerreiro; dicção clara,Soldado da fortuna!,placeholder,,,Rascunho-guia baseado na legenda oficial EN; requer revisão comunitária.
axe_lasthit_05,sounds/vo/axe/axe_lasthit_05.vsnd_c,lasthit,Gold for steel!,official_caption,spoken,voz grave; confiante; personagem guerreiro; dicção clara,Ouro pelo aço!,placeholder,,,Rascunho-guia baseado na legenda oficial EN; requer revisão comunitária.
axe_lasthit_06,sounds/vo/axe/axe_lasthit_06.vsnd_c,lasthit,Coin of the realm!,official_caption,spoken,voz grave; confiante; personagem guerreiro; dicção clara,A moeda do reino!,placeholder,,,Rascunho-guia baseado na legenda oficial EN; requer revisão comunitária.
axe_lasthit_07,sounds/vo/axe/axe_lasthit_07.vsnd_c,lasthit,Axe takes your coin!,official_caption,spoken,voz grave; confiante; personagem guerreiro; dicção clara,Axe fica com as suas moedas!,placeholder,,,Rascunho-guia baseado na legenda oficial EN; requer revisão comunitária.
axe_laugh_01,sounds/vo/axe/axe_laugh_01.vsnd_c,laugh,Ha ha ha!,official_caption,excluded_nonverbal,,,placeholder,,,
axe_laugh_02,sounds/vo/axe/axe_laugh_02.vsnd_c,laugh,Ha ha!,official_caption,excluded_nonverbal,,,placeholder,,,
axe_laugh_03,sounds/vo/axe/axe_laugh_03.vsnd_c,laugh,Ha ha ha ha ha ha!,official_caption,excluded_nonverbal,,,placeholder,,,
axe_laugh_04,sounds/vo/axe/axe_laugh_04.vsnd_c,laugh,Heh heh yeah ha!,official_caption,excluded_nonverbal,,,placeholder,,,
axe_laugh_05,sounds/vo/axe/axe_laugh_05.vsnd_c,laugh,Ha ha!,official_caption,excluded_nonverbal,,,placeholder,,,
axe_level_01,sounds/vo/axe/axe_level_01.vsnd_c,level,Axe grows stronger!,official_caption,spoken,triunfante; confiante; voz aberta e energética,Axe fica mais forte!,placeholder,,,Rascunho-guia baseado na legenda oficial EN; requer revisão comunitária.
axe_level_02,sounds/vo/axe/axe_level_02.vsnd_c,level,Axe gains strength!,official_caption,spoken,triunfante; confiante; voz aberta e energética,Axe ganha força!,placeholder,,,Rascunho-guia baseado na legenda oficial EN; requer revisão comunitária.
axe_level_03,sounds/vo/axe/axe_level_03.vsnd_c,level,Axe rises in rank!,official_caption,spoken,triunfante; confiante; voz aberta e energética,Axe sobe de patente!,placeholder,,,Rascunho-guia baseado na legenda oficial EN; requer revisão comunitária.
axe_level_04,sounds/vo/axe/axe_level_04.vsnd_c,level,Axe is a cut above!,official_caption,spoken,triunfante; confiante; voz aberta e energética,Axe está um corte acima!,placeholder,,,Rascunho-guia baseado na legenda oficial EN; requer revisão comunitária.
axe_level_05,sounds/vo/axe/axe_level_05.vsnd_c,level,Axe sharpens!,official_caption,spoken,triunfante; confiante; voz aberta e energética,Axe fica mais afiado!,placeholder,,,Rascunho-guia baseado na legenda oficial EN; requer revisão comunitária.
axe_level_06,sounds/vo/axe/axe_level_06.vsnd_c,level,Axe is promoted!,official_caption,spoken,triunfante; confiante; voz aberta e energética,Axe foi promovido!,placeholder,,,Rascunho-guia baseado na legenda oficial EN; requer revisão comunitária.
axe_level_07,sounds/vo/axe/axe_level_07.vsnd_c,level,Mwa ha ha ha ha ha!,official_caption,excluded_nonverbal,,,placeholder,,,
axe_level_08,sounds/vo/axe/axe_level_08.vsnd_c,level,Ha ha ha ha ha ha!,official_caption,excluded_nonverbal,,,placeholder,,,
axe_level_09,sounds/vo/axe/axe_level_09.vsnd_c,level,Huh huh ha ha ha!,official_caption,excluded_nonverbal,,,placeholder,,,
axe_level_10,sounds/vo/axe/axe_level_10.vsnd_c,level,Ha ha!,official_caption,excluded_nonverbal,,,placeholder,,,
axe_level_11,sounds/vo/axe/axe_level_11.vsnd_c,level,Ha ha ha!,official_caption,excluded_nonverbal,,,placeholder,,,
axe_lose_01,sounds/vo/axe/axe_lose_01.vsnd_c,lose,No!,official_caption,spoken,derrotado; pesado; intensidade decrescente,Não!,placeholder,,,Rascunho-guia baseado na legenda oficial EN; requer revisão comunitária.
axe_lose_02,sounds/vo/axe/axe_lose_02.vsnd_c,lose,Defeated!,official_caption,spoken,derrotado; pesado; intensidade decrescente,Derrotado!,placeholder,,,Rascunho-guia baseado na legenda oficial EN; requer revisão comunitária.
axe_lose_03,sounds/vo/axe/axe_lose_03.vsnd_c,lose,Inglorious end!,official_caption,spoken,derrotado; pesado; intensidade decrescente,Um fim sem glória!,placeholder,,,Rascunho-guia baseado na legenda oficial EN; requer revisão comunitária.
axe_lose_04,sounds/vo/axe/axe_lose_04.vsnd_c,lose,Axe is sad.,official_caption,spoken,derrotado; pesado; intensidade decrescente,Axe está triste.,placeholder,,,Rascunho-guia baseado na legenda oficial EN; requer revisão comunitária.
axe_lose_05,sounds/vo/axe/axe_lose_05.vsnd_c,lose,"Grrr, Axe is defeated!",official_caption,spoken,derrotado; pesado; intensidade decrescente,Axe foi derrotado!,placeholder,,,Rascunho-guia baseado na legenda oficial EN; requer revisão comunitária.
axe_missing_lane_01,sounds/vo/axe/axe_missing_lane_01.vsnd_c,missing_lane,Axe reports top is missing.,official_caption,spoken,comando curto; direto; leitura clara,Axe informa que o topo está desaparecido.,placeholder,,,Rascunho-guia baseado na legenda oficial EN; requer revisão comunitária.
axe_missing_lane_02,sounds/vo/axe/axe_missing_lane_02.vsnd_c,missing_lane,Axe says middle is missing.,official_caption,spoken,comando curto; direto; leitura clara,Axe diz que o meio está desaparecido.,placeholder,,,Rascunho-guia baseado na legenda oficial EN; requer revisão comunitária.
axe_missing_lane_03,sounds/vo/axe/axe_missing_lane_03.vsnd_c,missing_lane,Bottom is missing according to Axe.,official_caption,spoken,comando curto; direto; leitura clara,"Segundo Axe, a rota inferior está desaparecida.",placeholder,,,Rascunho-guia baseado na legenda oficial EN; requer revisão comunitária.
axe_move_01,sounds/vo/axe/axe_move_01.vsnd_c,move,Cut and run!,official_caption,spoken,comando curto; direto; leitura clara,Cortar e correr!,placeholder,,,Rascunho-guia baseado na legenda oficial EN; requer revisão comunitária.
axe_move_02,sounds/vo/axe/axe_move_02.vsnd_c,move,Rest is for the dead!,official_caption,spoken,comando curto; direto; leitura clara,Descanso é para os mortos!,placeholder,,,Rascunho-guia baseado na legenda oficial EN; requer revisão comunitária.
axe_move_03,sounds/vo/axe/axe_move_03.vsnd_c,move,Forward!,official_caption,spoken,comando curto; direto; leitura clara,Em frente!,placeholder,,,Rascunho-guia baseado na legenda oficial EN; requer revisão comunitária.
axe_move_04,sounds/vo/axe/axe_move_04.vsnd_c,move,To battle!,official_caption,spoken,comando curto; direto; leitura clara,À batalha!,placeholder,,,Rascunho-guia baseado na legenda oficial EN; requer revisão comunitária.
axe_move_05,sounds/vo/axe/axe_move_05.vsnd_c,move,Axe goes!,official_caption,spoken,comando curto; direto; leitura clara,Axe vai!,placeholder,,,Rascunho-guia baseado na legenda oficial EN; requer revisão comunitária.
axe_move_06,sounds/vo/axe/axe_move_06.vsnd_c,move,Axe charges!,official_caption,spoken,comando curto; direto; leitura clara,Axe avança!,placeholder,,,Rascunho-guia baseado na legenda oficial EN; requer revisão comunitária.
axe_move_07,sounds/vo/axe/axe_move_07.vsnd_c,move,Into war's teeth!,official_caption,spoken,comando curto; direto; leitura clara,Para dentro da guerra!,placeholder,,,Rascunho-guia baseado na legenda oficial EN; requer revisão comunitária.
axe_move_08,sounds/vo/axe/axe_move_08.vsnd_c,move,To the enemy!,official_caption,spoken,comando curto; direto; leitura clara,Até o inimigo!,placeholder,,,Rascunho-guia baseado na legenda oficial EN; requer revisão comunitária.
axe_move_09,sounds/vo/axe/axe_move_09.vsnd_c,move,Axe runs!,official_caption,spoken,comando curto; direto; leitura clara,Axe corre!,placeholder,,,Rascunho-guia baseado na legenda oficial EN; requer revisão comunitária.
axe_move_10,sounds/vo/axe/axe_move_10.vsnd_c,move,Enemies need killing!,official_caption,spoken,comando curto; direto; leitura clara,Os inimigos precisam morrer!,placeholder,,,Rascunho-guia baseado na legenda oficial EN; requer revisão comunitária.
axe_move_11,sounds/vo/axe/axe_move_11.vsnd_c,move,Good day to fight!,official_caption,spoken,comando curto; direto; leitura clara,Belo dia para lutar!,placeholder,,,Rascunho-guia baseado na legenda oficial EN; requer revisão comunitária.
axe_nomana_01,sounds/vo/axe/axe_nomana_01.vsnd_c,nomana,Need mana.,official_caption,spoken,comando curto; direto; leitura clara,Preciso de mana.,placeholder,,,Rascunho-guia baseado na legenda oficial EN; requer revisão comunitária.
axe_nomana_02,sounds/vo/axe/axe_nomana_02.vsnd_c,nomana,No mana.,official_caption,spoken,comando curto; direto; leitura clara,Sem mana.,placeholder,,,Rascunho-guia baseado na legenda oficial EN; requer revisão comunitária.
axe_nomana_03,sounds/vo/axe/axe_nomana_03.vsnd_c,nomana,Not enough mana.,official_caption,spoken,comando curto; direto; leitura clara,Mana insuficiente.,placeholder,,,Rascunho-guia baseado na legenda oficial EN; requer revisão comunitária.
axe_nomana_04,sounds/vo/axe/axe_nomana_04.vsnd_c,nomana,Need mana.,official_caption,spoken,comando curto; direto; leitura clara,Preciso de mana.,placeholder,,,Rascunho-guia baseado na legenda oficial EN; requer revisão comunitária.
axe_nomana_05,sounds/vo/axe/axe_nomana_05.vsnd_c,nomana,No mana.,official_caption,spoken,comando curto; direto; leitura clara,Sem mana.,placeholder,,,Rascunho-guia baseado na legenda oficial EN; requer revisão comunitária.
axe_nomana_06,sounds/vo/axe/axe_nomana_06.vsnd_c,nomana,Not enough mana.,official_caption,spoken,comando curto; direto; leitura clara,Mana insuficiente.,placeholder,,,Rascunho-guia baseado na legenda oficial EN; requer revisão comunitária.
axe_nomana_07,sounds/vo/axe/axe_nomana_07.vsnd_c,nomana,Need mana.,official_caption,spoken,comando curto; direto; leitura clara,Preciso de mana.,placeholder,,,Rascunho-guia baseado na legenda oficial EN; requer revisão comunitária.
axe_nomana_08,sounds/vo/axe/axe_nomana_08.vsnd_c,nomana,No mana.,official_caption,spoken,comando curto; direto; leitura clara,Sem mana.,placeholder,,,Rascunho-guia baseado na legenda oficial EN; requer revisão comunitária.
axe_nomana_09,sounds/vo/axe/axe_nomana_09.vsnd_c,nomana,Not enough mana.,official_caption,spoken,comando curto; direto; leitura clara,Mana insuficiente.,placeholder,,,Rascunho-guia baseado na legenda oficial EN; requer revisão comunitária.
axe_notyet_01,sounds/vo/axe/axe_notyet_01.vsnd_c,notyet,Not yet.,official_caption,spoken,comando curto; direto; leitura clara,Ainda não.,placeholder,,,Rascunho-guia baseado na legenda oficial EN; requer revisão comunitária.
axe_notyet_02,sounds/vo/axe/axe_notyet_02.vsnd_c,notyet,Axe is not ready.,official_caption,spoken,comando curto; direto; leitura clara,Axe não está pronto.,placeholder,,,Rascunho-guia baseado na legenda oficial EN; requer revisão comunitária.
axe_notyet_03,sounds/vo/axe/axe_notyet_03.vsnd_c,notyet,It is not yet time.,official_caption,spoken,comando curto; direto; leitura clara,Ainda não é a hora.,placeholder,,,Rascunho-guia baseado na legenda oficial EN; requer revisão comunitária.
axe_notyet_04,sounds/vo/axe/axe_notyet_04.vsnd_c,notyet,Not yet.,official_caption,spoken,comando curto; direto; leitura clara,Ainda não.,placeholder,,,Rascunho-guia baseado na legenda oficial EN; requer revisão comunitária.
axe_notyet_05,sounds/vo/axe/axe_notyet_05.vsnd_c,notyet,Axe is not ready.,official_caption,spoken,comando curto; direto; leitura clara,Axe não está pronto.,placeholder,,,Rascunho-guia baseado na legenda oficial EN; requer revisão comunitária.
axe_notyet_06,sounds/vo/axe/axe_notyet_06.vsnd_c,notyet,It is not yet time.,official_caption,spoken,comando curto; direto; leitura clara,Ainda não é a hora.,placeholder,,,Rascunho-guia baseado na legenda oficial EN; requer revisão comunitária.
axe_notyet_07,sounds/vo/axe/axe_notyet_07.vsnd_c,notyet,Not yet!,official_caption,spoken,comando curto; direto; leitura clara,Ainda não!,placeholder,,,Rascunho-guia baseado na legenda oficial EN; requer revisão comunitária.
axe_notyet_08,sounds/vo/axe/axe_notyet_08.vsnd_c,notyet,Axe is not ready!,official_caption,spoken,comando curto; direto; leitura clara,Axe não está pronto!,placeholder,,,Rascunho-guia baseado na legenda oficial EN; requer revisão comunitária.
axe_notyet_09,sounds/vo/axe/axe_notyet_09.vsnd_c,notyet,It is not yet time.,official_caption,spoken,comando curto; direto; leitura clara,Ainda não é a hora.,placeholder,,,Rascunho-guia baseado na legenda oficial EN; requer revisão comunitária.
axe_pain_01,sounds/vo/axe/axe_pain_01.vsnd_c,pain,Uh!,official_caption,excluded_nonverbal,,,placeholder,,,
axe_pain_02,sounds/vo/axe/axe_pain_02.vsnd_c,pain,Uh!,official_caption,excluded_nonverbal,,,placeholder,,,
axe_pain_03,sounds/vo/axe/axe_pain_03.vsnd_c,pain,Ah!,official_caption,excluded_nonverbal,,,placeholder,,,
axe_pain_04,sounds/vo/axe/axe_pain_04.vsnd_c,pain,Ah!,official_caption,excluded_nonverbal,,,placeholder,,,
axe_pain_05,sounds/vo/axe/axe_pain_05.vsnd_c,pain,Uh!,official_caption,excluded_nonverbal,,,placeholder,,,
axe_pain_06,sounds/vo/axe/axe_pain_06.vsnd_c,pain,Uh!,official_caption,excluded_nonverbal,,,placeholder,,,
axe_pain_07,sounds/vo/axe/axe_pain_07.vsnd_c,pain,Chhh!,official_caption,excluded_nonverbal,,,placeholder,,,
axe_purch_01,sounds/vo/axe/axe_purch_01.vsnd_c,purch,"By his blade, Axe earns this purchase.",official_caption,spoken,voz grave; confiante; personagem guerreiro; dicção clara,"Com a própria lâmina, Axe conquistou esta compra.",placeholder,,,Rascunho-guia baseado na legenda oficial EN; requer revisão comunitária.
axe_purch_02,sounds/vo/axe/axe_purch_02.vsnd_c,purch,Earned through blood.,official_caption,spoken,voz grave; confiante; personagem guerreiro; dicção clara,Conquistado com sangue.,placeholder,,,Rascunho-guia baseado na legenda oficial EN; requer revisão comunitária.
axe_purch_03,sounds/vo/axe/axe_purch_03.vsnd_c,purch,The wait has ended.,official_caption,spoken,voz grave; confiante; personagem guerreiro; dicção clara,A espera terminou.,placeholder,,,Rascunho-guia baseado na legenda oficial EN; requer revisão comunitária.
axe_purch_04,sounds/vo/axe/axe_purch_04.vsnd_c,purch,"Ah, scepter!",official_caption,spoken,voz grave; confiante; personagem guerreiro; dicção clara,"Ah, o cetro!",placeholder,,,Rascunho-guia baseado na legenda oficial EN; requer revisão comunitária.
axe_rare_01,sounds/vo/axe/axe_rare_01.vsnd_c,rare,So many skulls to cleave. So many bodies to throw on the pile.,official_caption,spoken,voz grave; confiante; personagem guerreiro; dicção clara,Tantos crânios para partir. Tantos corpos para jogar na pilha.,placeholder,,,Rascunho-guia baseado na legenda oficial EN; requer revisão comunitária.
axe_rare_02,sounds/vo/axe/axe_rare_02.vsnd_c,rare,No business but war. No family but death. No mercy but the grave!,official_caption,spoken,voz grave; confiante; personagem guerreiro; dicção clara,Nenhum ofício além da guerra. Nenhuma família além da morte. Nenhuma piedade além da sepultura!,placeholder,,,Rascunho-guia baseado na legenda oficial EN; requer revisão comunitária.
axe_rare_03,sounds/vo/axe/axe_rare_03.vsnd_c,rare,Axe brings the Red Mist!,official_caption,spoken,voz grave; confiante; personagem guerreiro; dicção clara,Axe traz a Névoa Vermelha!,placeholder,,,Rascunho-guia baseado na legenda oficial EN; requer revisão comunitária.
axe_regen_01,sounds/vo/axe/axe_regen_01.vsnd_c,regen,Regeneration!,official_caption,spoken,voz grave; confiante; personagem guerreiro; dicção clara,Regeneração!,placeholder,,,Rascunho-guia baseado na legenda oficial EN; requer revisão comunitária.
axe_regen_02,sounds/vo/axe/axe_regen_02.vsnd_c,regen,Axe's edge grows keen again!,official_caption,spoken,voz grave; confiante; personagem guerreiro; dicção clara,O fio de Axe está afiado novamente!,placeholder,,,Rascunho-guia baseado na legenda oficial EN; requer revisão comunitária.
axe_respawn_01,sounds/vo/axe/axe_respawn_01.vsnd_c,respawn,Axe lives to cut again!,official_caption,spoken,triunfante; confiante; voz aberta e energética,Axe vive para cortar de novo!,placeholder,,,Rascunho-guia baseado na legenda oficial EN; requer revisão comunitária.
axe_respawn_02,sounds/vo/axe/axe_respawn_02.vsnd_c,respawn,Axe is back!,official_caption,spoken,triunfante; confiante; voz aberta e energética,Axe voltou!,placeholder,,,Rascunho-guia baseado na legenda oficial EN; requer revisão comunitária.
axe_respawn_03,sounds/vo/axe/axe_respawn_03.vsnd_c,respawn,Back in action!,official_caption,spoken,triunfante; confiante; voz aberta e energética,De volta à ação!,placeholder,,,Rascunho-guia baseado na legenda oficial EN; requer revisão comunitária.
axe_respawn_04,sounds/vo/axe/axe_respawn_04.vsnd_c,respawn,The Axe's edge is keen again!,official_caption,spoken,triunfante; confiante; voz aberta e energética,O fio de Axe está afiado novamente!,placeholder,,,Rascunho-guia baseado na legenda oficial EN; requer revisão comunitária.
axe_respawn_05,sounds/vo/axe/axe_respawn_05.vsnd_c,respawn,Axe cuts anew!,official_caption,spoken,triunfante; confiante; voz aberta e energética,Axe corta de novo!,placeholder,,,Rascunho-guia baseado na legenda oficial EN; requer revisão comunitária.
axe_respawn_06,sounds/vo/axe/axe_respawn_06.vsnd_c,respawn,Axe is all the reinforcement this army needs!,official_caption,spoken,triunfante; confiante; voz aberta e energética,Axe é todo o reforço de que este exército precisa!,placeholder,,,Rascunho-guia baseado na legenda oficial EN; requer revisão comunitária.
axe_respawn_07,sounds/vo/axe/axe_respawn_07.vsnd_c,respawn,"From the Red Mist, Axe returns!",official_caption,spoken,triunfante; confiante; voz aberta e energética,"Da Névoa Vermelha, Axe retorna!",placeholder,,,Rascunho-guia baseado na legenda oficial EN; requer revisão comunitária.
axe_respawn_08,sounds/vo/axe/axe_respawn_08.vsnd_c,respawn,A blunted Axe is re-sharpened!,official_caption,spoken,triunfante; confiante; voz aberta e energética,Um Axe sem fio foi afiado novamente!,placeholder,,,Rascunho-guia baseado na legenda oficial EN; requer revisão comunitária.
axe_respawn_09,sounds/vo/axe/axe_respawn_09.vsnd_c,respawn,Better red than dead!,official_caption,spoken,triunfante; confiante; voz aberta e energética,Melhor vermelho do que morto!,placeholder,,,Rascunho-guia baseado na legenda oficial EN; requer revisão comunitária.
axe_respawn_10,sounds/vo/axe/axe_respawn_10.vsnd_c,respawn,Axe returns. The war may now continue!,official_caption,spoken,triunfante; confiante; voz aberta e energética,Axe retornou. A guerra pode continuar!,placeholder,,,Rascunho-guia baseado na legenda oficial EN; requer revisão comunitária.
axe_rival_01,sounds/vo/axe/axe_rival_01.vsnd_c,rival,Axe has no time for all this jibber jabber.,official_caption,spoken,provocador; arrogante; humor seco; ritmo conversado,Axe não tem tempo para tanta conversa fiada.,placeholder,,,Rascunho-guia baseado na legenda oficial EN; requer revisão comunitária.
axe_rival_02,sounds/vo/axe/axe_rival_02.vsnd_c,rival,Blade versus book. Blade wins.,official_caption,spoken,provocador; arrogante; humor seco; ritmo conversado,Lâmina contra livro. A lâmina vence.,placeholder,,,Rascunho-guia baseado na legenda oficial EN; requer revisão comunitária.
axe_rival_03,sounds/vo/axe/axe_rival_03.vsnd_c,rival,"Warlock, you should have picked a sharper weapon.",official_caption,spoken,provocador; arrogante; humor seco; ritmo conversado,"Warlock, você deveria ter escolhido uma arma mais afiada.",placeholder,,,Rascunho-guia baseado na legenda oficial EN; requer revisão comunitária.
axe_rival_04,sounds/vo/axe/axe_rival_04.vsnd_c,rival,"Warlock, who is the smart one now?",official_caption,spoken,provocador; arrogante; humor seco; ritmo conversado,"Warlock, quem é o inteligente agora?",placeholder,,,Rascunho-guia baseado na legenda oficial EN; requer revisão comunitária.
axe_rival_05,sounds/vo/axe/axe_rival_05.vsnd_c,rival,Axe hates to till Oglodi but it must be done.,official_caption,spoken,provocador; arrogante; humor seco; ritmo conversado,"Axe odeia derrubar um Oglodi, mas precisa ser feito.",placeholder,,,Rascunho-guia baseado na legenda oficial EN; requer revisão comunitária.
axe_rival_06,sounds/vo/axe/axe_rival_06.vsnd_c,rival,Even kin must die.,official_caption,spoken,provocador; arrogante; humor seco; ritmo conversado,Até os parentes precisam morrer.,placeholder,,,Rascunho-guia baseado na legenda oficial EN; requer revisão comunitária.
axe_rival_07,sounds/vo/axe/axe_rival_07.vsnd_c,rival,"We are blood, true. But most of yours came out.",official_caption,spoken,provocador; arrogante; humor seco; ritmo conversado,"Temos o mesmo sangue, é verdade. Mas quase todo o seu saiu.",placeholder,,,Rascunho-guia baseado na legenda oficial EN; requer revisão comunitária.
axe_rival_08,sounds/vo/axe/axe_rival_08.vsnd_c,rival,You were handsome like Axe. Axe doesn't like that.,official_caption,spoken,provocador; arrogante; humor seco; ritmo conversado,Você era bonito como Axe. Axe não gostava disso.,placeholder,,,Rascunho-guia baseado na legenda oficial EN; requer revisão comunitária.
axe_rival_09,sounds/vo/axe/axe_rival_09.vsnd_c,rival,"Too much talking, not enough fighting.",official_caption,spoken,provocador; arrogante; humor seco; ritmo conversado,"Conversa demais, luta de menos.",placeholder,,,Rascunho-guia baseado na legenda oficial EN; requer revisão comunitária.
axe_rival_10,sounds/vo/axe/axe_rival_10.vsnd_c,rival,Big words cannot keep you safe from Axe.,official_caption,spoken,provocador; arrogante; humor seco; ritmo conversado,Palavras grandes não protegerão você de Axe.,placeholder,,,Rascunho-guia baseado na legenda oficial EN; requer revisão comunitária.
axe_rival_11,sounds/vo/axe/axe_rival_11.vsnd_c,rival,The Treant brought much wood for Axe to chop.,official_caption,spoken,provocador; arrogante; humor seco; ritmo conversado,O Treant trouxe muita madeira para Axe cortar.,placeholder,,,Rascunho-guia baseado na legenda oficial EN; requer revisão comunitária.
axe_rival_12,sounds/vo/axe/axe_rival_12.vsnd_c,rival,Who said Axe fears spiders? Axe wants to know their name.,official_caption,spoken,provocador; arrogante; humor seco; ritmo conversado,Quem disse que Axe teme aranhas? Axe quer saber o nome dessa pessoa.,placeholder,,,Rascunho-guia baseado na legenda oficial EN; requer revisão comunitária.
axe_rival_13,sounds/vo/axe/axe_rival_13.vsnd_c,rival,,missing_official_caption,excluded_no_official_caption,,,placeholder,,,
axe_rival_14,sounds/vo/axe/axe_rival_14.vsnd_c,rival,"Taste the Axe. Not this Axe, that axe!",official_caption,spoken,provocador; arrogante; humor seco; ritmo conversado,"Prove o Axe. Não este Axe, aquele machado!",placeholder,,,Rascunho-guia baseado na legenda oficial EN; requer revisão comunitária.
axe_rival_15,sounds/vo/axe/axe_rival_15.vsnd_c,rival,Your name is not Axeworld Destroyer!,official_caption,spoken,provocador; arrogante; humor seco; ritmo conversado,O seu nome não é Destruidor do Mundo de Axe!,placeholder,,,Rascunho-guia baseado na legenda oficial EN; requer revisão comunitária.
axe_rival_16,sounds/vo/axe/axe_rival_16.vsnd_c,rival,What is a tiny razor to a mighty Axe?,official_caption,spoken,provocador; arrogante; humor seco; ritmo conversado,O que é uma navalha minúscula diante de um Axe poderoso?,placeholder,,,Rascunho-guia baseado na legenda oficial EN; requer revisão comunitária.
axe_rival_17,sounds/vo/axe/axe_rival_17.vsnd_c,rival,"You might have been a fancyman in Heaven, but down here you are nothing next to Axe.",official_caption,spoken,provocador; arrogante; humor seco; ritmo conversado,"Talvez você fosse importante no Céu, mas aqui embaixo não é nada perto de Axe.",placeholder,,,Rascunho-guia baseado na legenda oficial EN; requer revisão comunitária.
axe_rival_18,sounds/vo/axe/axe_rival_18.vsnd_c,rival,Each of Ursa's claws is like a little Axe. Axe reluctantly approves.,official_caption,spoken,provocador; arrogante; humor seco; ritmo conversado,"Cada garra de Ursa parece um pequeno machado. Axe aprova, com relutância.",placeholder,,,Rascunho-guia baseado na legenda oficial EN; requer revisão comunitária.
axe_rival_19,sounds/vo/axe/axe_rival_19.vsnd_c,rival,Axe has no time for such nonsense!,official_caption,spoken,provocador; arrogante; humor seco; ritmo conversado,Axe não tem tempo para tamanha bobagem!,placeholder,,,Rascunho-guia baseado na legenda oficial EN; requer revisão comunitária.
axe_rival_20,sounds/vo/axe/axe_rival_20.vsnd_c,rival,More things for Axe to chop!,official_caption,spoken,provocador; arrogante; humor seco; ritmo conversado,Mais coisas para Axe cortar!,placeholder,,,Rascunho-guia baseado na legenda oficial EN; requer revisão comunitária.
axe_rival_21,sounds/vo/axe/axe_rival_21.vsnd_c,rival,I said good nightstalker!,official_caption,spoken,provocador; arrogante; humor seco; ritmo conversado,"Axe disse boa noite, Night Stalker!",placeholder,,,Rascunho-guia baseado na legenda oficial EN; requer revisão comunitária.
axe_rival_22,sounds/vo/axe/axe_rival_22.vsnd_c,rival,What happened? Axe happened!,official_caption,spoken,provocador; arrogante; humor seco; ritmo conversado,O que aconteceu? Axe aconteceu!,placeholder,,,Rascunho-guia baseado na legenda oficial EN; requer revisão comunitária.
axe_rival_23,sounds/vo/axe/axe_rival_23.vsnd_c,rival,Axe-actly!,official_caption,spoken,provocador; arrogante; humor seco; ritmo conversado,Axe-atamente!,placeholder,,,Rascunho-guia baseado na legenda oficial EN; requer revisão comunitária.
axe_rival_24,sounds/vo/axe/axe_rival_24.vsnd_c,rival,"Axe knows you not, fiend.",official_caption,spoken,provocador; arrogante; humor seco; ritmo conversado,"Axe não conhece você, demônio.",placeholder,,,Rascunho-guia baseado na legenda oficial EN; requer revisão comunitária.
axe_rival_25,sounds/vo/axe/axe_rival_25.vsnd_c,rival,Your free ride is over.,official_caption,spoken,provocador; arrogante; humor seco; ritmo conversado,A sua carona grátis acabou.,placeholder,,,Rascunho-guia baseado na legenda oficial EN; requer revisão comunitária.
axe_rival_26,sounds/vo/axe/axe_rival_26.vsnd_c,rival,"Ride no more, smallkeen!",official_caption,spoken,provocador; arrogante; humor seco; ritmo conversado,"Não cavalgará mais, pequenino!",placeholder,,,Rascunho-guia baseado na legenda oficial EN; requer revisão comunitária.
axe_rival_27,sounds/vo/axe/axe_rival_27.vsnd_c,rival,A Keen worthy to fight.,official_caption,spoken,provocador; arrogante; humor seco; ritmo conversado,Um Keen digno de enfrentar Axe.,placeholder,,,Rascunho-guia baseado na legenda oficial EN; requer revisão comunitária.
axe_rival_28,sounds/vo/axe/axe_rival_28.vsnd_c,rival,"For the Keenfolk, you weren't half bad.",official_caption,spoken,provocador; arrogante; humor seco; ritmo conversado,"Para alguém do povo Keen, você não foi tão ruim.",placeholder,,,Rascunho-guia baseado na legenda oficial EN; requer revisão comunitária.
axe_rival_29,sounds/vo/axe/axe_rival_29.vsnd_c,rival,Smallkeens should be scoured from the land!,official_caption,spoken,provocador; arrogante; humor seco; ritmo conversado,Os pequeninos devem ser varridos desta terra!,placeholder,,,Rascunho-guia baseado na legenda oficial EN; requer revisão comunitária.
axe_rival_30,sounds/vo/axe/axe_rival_30.vsnd_c,rival,Axe hates the Keenfolk!,official_caption,spoken,provocador; arrogante; humor seco; ritmo conversado,Axe odeia o povo Keen!,placeholder,,,Rascunho-guia baseado na legenda oficial EN; requer revisão comunitária.
axe_rival_31,sounds/vo/axe/axe_rival_31.vsnd_c,rival,Axe cut you in four!,official_caption,spoken,provocador; arrogante; humor seco; ritmo conversado,Axe cortou você em quatro!,placeholder,,,Rascunho-guia baseado na legenda oficial EN; requer revisão comunitária.
axe_rival_32,sounds/vo/axe/axe_rival_32.vsnd_c,rival,Axe cut you into more than four.,official_caption,spoken,provocador; arrogante; humor seco; ritmo conversado,Axe cortou você em mais de quatro pedaços.,placeholder,,,Rascunho-guia baseado na legenda oficial EN; requer revisão comunitária.
axe_rival_33,sounds/vo/axe/axe_rival_33.vsnd_c,rival,Axe cut you into more than four. Nine?,official_caption,spoken,provocador; arrogante; humor seco; ritmo conversado,Axe cortou você em mais de quatro. Nove?,placeholder,,,Rascunho-guia baseado na legenda oficial EN; requer revisão comunitária.
axe_rival_34,sounds/vo/axe/axe_rival_34.vsnd_c,rival,Axe cut you into more than four. Twenty?,official_caption,spoken,provocador; arrogante; humor seco; ritmo conversado,Axe cortou você em mais de quatro. Vinte?,placeholder,,,Rascunho-guia baseado na legenda oficial EN; requer revisão comunitária.
axe_rival_35,sounds/vo/axe/axe_rival_35.vsnd_c,rival,Axe cut you into more than four. Hundreds?,official_caption,spoken,provocador; arrogante; humor seco; ritmo conversado,Axe cortou você em mais de quatro. Centenas?,placeholder,,,Rascunho-guia baseado na legenda oficial EN; requer revisão comunitária.
axe_sheepstick_01,sounds/vo/axe/axe_sheepstick_01.vsnd_c,sheepstick,Baaa!,official_caption,excluded_nonverbal,,,placeholder,,,
axe_sheepstick_02,sounds/vo/axe/axe_sheepstick_02.vsnd_c,sheepstick,Axe is a sheep?,official_caption,spoken,voz grave; confiante; personagem guerreiro; dicção clara,Axe é uma ovelha?,placeholder,,,Rascunho-guia baseado na legenda oficial EN; requer revisão comunitária.
axe_sheepstick_03,sounds/vo/axe/axe_sheepstick_03.vsnd_c,sheepstick,Axe is a pig?,official_caption,spoken,voz grave; confiante; personagem guerreiro; dicção clara,Axe é um porco?,placeholder,,,Rascunho-guia baseado na legenda oficial EN; requer revisão comunitária.
axe_sheepstick_04,sounds/vo/axe/axe_sheepstick_04.vsnd_c,sheepstick,Axe is a pig?,official_caption,spoken,voz grave; confiante; personagem guerreiro; dicção clara,Axe é um porco?,placeholder,,,Rascunho-guia baseado na legenda oficial EN; requer revisão comunitária.
axe_sheepstick_05,sounds/vo/axe/axe_sheepstick_05.vsnd_c,sheepstick,Axe is not Axe!,official_caption,spoken,voz grave; confiante; personagem guerreiro; dicção clara,Axe não é Axe!,placeholder,,,Rascunho-guia baseado na legenda oficial EN; requer revisão comunitária.
axe_shitwiz_01,sounds/vo/axe/axe_shitwiz_01.vsnd_c,shitwiz,Shitty wizard!,official_caption,spoken,voz grave; confiante; personagem guerreiro; dicção clara,Mago de merda!,placeholder,,,Rascunho-guia baseado na legenda oficial EN; requer revisão comunitária.
axe_spawn_01,sounds/vo/axe/axe_spawn_01.vsnd_c,spawn,Axe!,official_caption,spoken,triunfante; confiante; voz aberta e energética,Axe!,placeholder,,,Rascunho-guia baseado na legenda oficial EN; requer revisão comunitária.
axe_spawn_02,sounds/vo/axe/axe_spawn_02.vsnd_c,spawn,There is no team in Axe!,official_caption,spoken,triunfante; confiante; voz aberta e energética,Não existe equipe em Axe!,placeholder,,,Rascunho-guia baseado na legenda oficial EN; requer revisão comunitária.
axe_spawn_03,sounds/vo/axe/axe_spawn_03.vsnd_c,spawn,Axe here!,official_caption,spoken,triunfante; confiante; voz aberta e energética,Axe aqui!,placeholder,,,Rascunho-guia baseado na legenda oficial EN; requer revisão comunitária.
axe_spawn_04,sounds/vo/axe/axe_spawn_04.vsnd_c,spawn,A cut above the rest.,official_caption,spoken,triunfante; confiante; voz aberta e energética,Um corte acima dos demais.,placeholder,,,Rascunho-guia baseado na legenda oficial EN; requer revisão comunitária.
axe_spawn_05,sounds/vo/axe/axe_spawn_05.vsnd_c,spawn,Axe in hand.,official_caption,spoken,triunfante; confiante; voz aberta e energética,Machado na mão.,placeholder,,,Rascunho-guia baseado na legenda oficial EN; requer revisão comunitária.
axe_spawn_06,sounds/vo/axe/axe_spawn_06.vsnd_c,spawn,Axe lives!,official_caption,spoken,triunfante; confiante; voz aberta e energética,Axe vive!,placeholder,,,Rascunho-guia baseado na legenda oficial EN; requer revisão comunitária.
axe_spawn_07,sounds/vo/axe/axe_spawn_07.vsnd_c,spawn,Axe swings his blade.,official_caption,spoken,triunfante; confiante; voz aberta e energética,Axe balança a sua lâmina.,placeholder,,,Rascunho-guia baseado na legenda oficial EN; requer revisão comunitária.
axe_spawn_08,sounds/vo/axe/axe_spawn_08.vsnd_c,spawn,Let the carnage begin.,official_caption,spoken,triunfante; confiante; voz aberta e energética,Que comece a carnificina.,placeholder,,,Rascunho-guia baseado na legenda oficial EN; requer revisão comunitária.
axe_spawn_09,sounds/vo/axe/axe_spawn_09.vsnd_c,spawn,Axe is ready!,official_caption,spoken,triunfante; confiante; voz aberta e energética,Axe está pronto!,placeholder,,,Rascunho-guia baseado na legenda oficial EN; requer revisão comunitária.
axe_spawn_10,sounds/vo/axe/axe_spawn_10.vsnd_c,spawn,The Axe-man comes!,official_caption,spoken,triunfante; confiante; voz aberta e energética,Lá vem o homem-machado!,placeholder,,,Rascunho-guia baseado na legenda oficial EN; requer revisão comunitária.
axe_thanks_01,sounds/vo/axe/axe_thanks_01.vsnd_c,thanks,Axe says thank you.,official_caption,spoken,provocador; arrogante; humor seco; ritmo conversado,Axe agradece.,placeholder,,,Rascunho-guia baseado na legenda oficial EN; requer revisão comunitária.
axe_thanks_02,sounds/vo/axe/axe_thanks_02.vsnd_c,thanks,Axe is grateful.,official_caption,spoken,provocador; arrogante; humor seco; ritmo conversado,Axe está grato.,placeholder,,,Rascunho-guia baseado na legenda oficial EN; requer revisão comunitária.
axe_underattack_01,sounds/vo/axe/axe_underattack_01.vsnd_c,underattack,Axe is under attack!,official_caption,spoken,comando curto; direto; leitura clara,Axe está sob ataque!,placeholder,,,Rascunho-guia baseado na legenda oficial EN; requer revisão comunitária.
axe_win_01,sounds/vo/axe/axe_win_01.vsnd_c,win,Yes!,official_caption,spoken,triunfante; confiante; voz aberta e energética,Sim!,placeholder,,,Rascunho-guia baseado na legenda oficial EN; requer revisão comunitária.
axe_win_02,sounds/vo/axe/axe_win_02.vsnd_c,win,Victorious!,official_caption,spoken,triunfante; confiante; voz aberta e energética,Vitória!,placeholder,,,Rascunho-guia baseado na legenda oficial EN; requer revisão comunitária.
axe_win_03,sounds/vo/axe/axe_win_03.vsnd_c,win,This day belongs to Axe!,official_caption,spoken,triunfante; confiante; voz aberta e energética,Este dia pertence a Axe!,placeholder,,,Rascunho-guia baseado na legenda oficial EN; requer revisão comunitária.
